nct_id,age_category,condition,status_final_12052020,is_eligible,is_classified,who_level_three,who_level_four,ihme_level_three,ihme_level_four,n_level_four,n_level_three,n_sample,country_income_class,is_HIC,location_participants,location_investigator,location_collaborators,location_sponsors
NCT01182532,<5; 5-14,"Hand, Foot and Mouth Disease",Completed,TRUE,TRUE,58,75,961,408,1,1,3000,LMIC,FALSE,China,China,China,China
NCT02362906,<5; 5-14,Pneumonia,Unknown status,TRUE,TRUE,16,22,956,322,1,1,1500,LMIC,FALSE,China,China,China,China
NCT02606565,<5,Omphalitis; Septicaemia,Recruiting,TRUE,TRUE,76,88,962,380,1,1,4760,LMIC,FALSE,Uganda,Uganda,Uganda,Uganda; Norway
NCT01211145,<5; 5-14,Migraine Headache,Completed,TRUE,TRUE,197,203,542,972,1,1,1653,HIC,TRUE,USA; Estonia; Finland; Hungary; Latvia; Poland; Serbia; Slovakia,USA,"NA",USA
NCT00120523,<5,Atopic Dermatitis,Completed,TRUE,TRUE,241,242,653,654,1,1,2418,HIC,TRUE,USA; Germany,Germany,"NA",USA
NCT01498575,<5; 5-14,Novice Teen Driver Training,Completed,TRUE,TRUE,320,321,688,689,1,1,512,HIC,TRUE,USA,USA,"NA",USA
NCT02019160,<5,Early Childhood Caries,Completed,TRUE,TRUE,276,312,640,680,1,1,1070,HIC,TRUE,China,China,"NA",China
NCT00124709,<5,Atopic Dermatitis,Terminated,TRUE,TRUE,241,242,653,654,1,1,1091,HIC,TRUE,USA,USA,"NA",USA
NCT03649659,<5,Cavities of Teeth,Suspended,TRUE,TRUE,276,312,640,680,1,1,1060,HIC,TRUE,USA,USA,USA,USA
NCT03132194,<5; 5-14,Acne Vulgaris,Completed,TRUE,TRUE,241,253,653,661,1,1,1125,NA,NA,"NA",USA,"NA",USA
NCT01919593,<5; 5-14; 15+,Bacteremia,Completed,TRUE,TRUE,58,75,961,408,1,1,1269,LMIC,FALSE,Thailand,Thailand,"NA",Thailand
NCT03338699,<5,Circumcision,Recruiting,TRUE,TRUE,76,88,962,380,1,1,1380,LMIC,FALSE,Kenya; Tanzania; Uganda,USA,USA; Kenya; Tanzania; Uganda,USA
NCT01790048,<5,Malnutrition,Completed,TRUE,TRUE,94,95,386,387,1,1,2259,LMIC,FALSE,Malawi,USA,"NA",USA
NCT01038479,<5,Dental Caries; Oral Microbial Colonization,Unknown status,TRUE,TRUE,276,312,640,680,1,1,1064,HIC,TRUE,UK,UK; Finland,Finland,UK; Finland
NCT03078842,<5,Diarrhea,"Active, not recruiting",TRUE,TRUE,25,26,957,302,1,1,4500,LMIC,FALSE,India; Tanzania,World Health Organization,USA; Tanzania; India,USA
NCT00642863,<5,Iron Deficiency; Iron Deficiency Anemia,Completed,TRUE,TRUE,94,97,386,390,1,1,955,LMIC,FALSE,China,USA; China,"NA",USA
NCT01138449,<5,Neonatal Vitamin A Supplementation,Completed,TRUE,TRUE,94,98,386,391,1,1,44984,LMIC,FALSE,India,India,World Health Organization; India,India
NCT00148733,<5,Pneumonia,Completed,TRUE,TRUE,16,22,956,322,1,1,2628,LMIC,FALSE,Nepal,Norway; Nepal; Denmark,France; Nepal; Norway; Denmark,Norway
NCT00613717,<5,Iron Deficiency Anemia; Iron Deficiency,Completed,TRUE,TRUE,94,97,386,390,1,1,2371,LMIC,FALSE,China,USA; China,USA,USA; Brazil
NCT02907502,<5,Healthy,"Active, not recruiting",TRUE,TRUE,94,95,386,387,1,1,1618,HIC,TRUE,Spain; Germany,"NA","NA","NA"
NCT02259166,<5,Anemia; Growth Retardation,Completed,TRUE,TRUE,94,97,386,390,1,1,2325,LMIC,FALSE,Tanzania,USA,Tanzania; USA; Canada,USA
NCT00638092,<5,Transient Hypothyroxinemia,Completed,TRUE,TRUE,76,88,962,380,1,1,1275,HIC,TRUE,UK,UK,UK,UK
NCT01536275,<5; 5-14; 15+,Critical Illness; Children,Recruiting,TRUE,FALSE,0,0,NA,NA,0,0,1440,HIC,TRUE,Canada; Belgium; Netherlands,Belgium,Canada; Netherlands,Canada; Belgium; Netherlands
NCT00168636,<5; 5-14,Mortality; Morbidity,Completed,TRUE,TRUE,94,98,386,391,1,1,8626,LMIC,FALSE,Guinea-Bissau,Denmark,"NA",Denmark
NCT00325247,<5,Acute Watery Diarrhoea,Completed,TRUE,TRUE,25,26,957,302,1,1,1656,LMIC,FALSE,Bangladesh,Bangladesh,"NA",Bangladesh
NCT01723852,<5,Vitamin D Status,Completed,TRUE,TRUE,94,98,386,391,1,1,975,HIC,TRUE,Finland,Finland,Finland,Finland
NCT02428647,<5,Diarrhea,Completed,TRUE,TRUE,25,26,957,302,1,1,3407,LMIC,FALSE,Laos,USA,Cambodia; USA; Canada,USA
NCT00998517,<5,Malnutrition,Completed,TRUE,TRUE,94,95,386,387,1,1,2712,LMIC,FALSE,Malawi,USA,"NA",USA
NCT00197730,<5,HIV Infections; Pregnancy Complications,Completed,TRUE,TRUE,76,88,962,380,1,1,2387,LMIC,FALSE,Tanzania,USA,USA,USA
NCT02757508,43965,School Feeding Programs and Nutrition Supplements,Completed,TRUE,TRUE,94,95,386,387,1,1,1041,LMIC,FALSE,Ghana,Ghana; USA,Ghana,USA
NCT00272142,<5,Diarrhea; Respiratory Infection; Low Birth Weight,Completed,TRUE,TRUE,76,88,962,380,1,1,2052,LMIC,FALSE,India,India,World Health Organization; USA,World Health Organization; USA
NCT00415402,<5,Vitamin D Deficiency,Completed,TRUE,TRUE,94,98,386,391,1,1,2079,LMIC,FALSE,India,India,UK; India,India
NCT02112734,<5,Food Allergy,Recruiting,TRUE,TRUE,276,311,640,619,1,1,3555,HIC,TRUE,Australia,Australia,"NA",Australia
NCT04216043,<5,"Malnutrition, Child",Not yet recruiting,TRUE,TRUE,94,95,386,387,1,1,1100,LMIC,FALSE,Sierra Leone,USA,Sierra Leone,USA
NCT03017209,<5,"Malnutrition, Child; Cognitive Function",Completed,TRUE,TRUE,94,95,386,387,1,1,1059,LMIC,FALSE,Guinea-Bissau,USA,USA,USA
NCT01214473,<5,Neonatal Sepsis; Sepsis; Neonatal Infections,Terminated,TRUE,TRUE,76,88,962,380,1,1,4556,LMIC,FALSE,India,USA,USA,USA
NCT00168584,<5,Mortality; Morbidity,Completed,TRUE,TRUE,94,98,386,391,1,1,5400,LMIC,FALSE,Guinea-Bissau,Guinea-Bissau,"NA",Denmark
NCT00142285,<5,Pneumonia,Completed,TRUE,TRUE,16,22,956,322,1,1,2260,LMIC,FALSE,Bangladesh,Bangladesh,USA,USA
NCT03549156,<5,Malnutrition,Completed,TRUE,TRUE,94,95,386,387,1,1,1858,LMIC,FALSE,Malawi,USA,USA; Malawi,USA
NCT00418990,43965,Malnutrition,Completed,TRUE,TRUE,94,98,386,391,1,1,1600,HIC,TRUE,USA,USA,USA,USA
NCT01927094,<5,Acute Diarrhea,Completed,TRUE,TRUE,25,26,957,302,1,1,1280,LMIC,FALSE,Turkey,Turkey,"NA",Turkey
NCT02276755,43965,Latent Tuberculosis,"Active, not recruiting",TRUE,TRUE,16,17,956,297,1,1,8851,LMIC,FALSE,Mongolia,USA,"NA",USA
NCT02880982,43965,Latent Tuberculosis,"Active, not recruiting",TRUE,TRUE,16,17,956,297,1,1,1743,LMIC,FALSE,South Africa,South Africa,South Africa,UK
NCT00637169,<5,Respiratory Insufficiency of Prematurity,Completed,TRUE,TRUE,76,88,962,380,1,1,1201,HIC and LMIC,NA,USA; Argentina; Canada; Finland; Germany; Israel,Canada; Germany,Canada,Canada; Germany
NCT03621943,<5,Neurodevelopmental Abnormality,Recruiting,TRUE,TRUE,76,88,962,380,1,1,1000,HIC,TRUE,USA; Poland; Canada,USA; Poland; Canada,"NA",USA
NCT03226977,<5,Nasal Intermittent Positive Pressure Ventilation; Nasal Continuous Positive Airway Pressure,Recruiting,TRUE,TRUE,76,88,962,380,1,1,1000,LMIC,FALSE,China,China,China,China
NCT01702805,<5,"Infant, Newborn, Diseases; Infant, Extremely Low Birth Weight; Infant, Small for Gestational Age; Bronchopulmonary Dysplasia (BPD); Anemia",Completed,TRUE,TRUE,76,88,962,380,1,1,1824,HIC,TRUE,USA,USA,USA,USA
NCT03019367,<5,Intraventricular Haemorrhage Neonatal; Death; Neonatal,Recruiting,TRUE,TRUE,76,88,962,380,1,1,1200,HIC,TRUE,USA; Ireland; Germany; Canada,USA,USA; Ireland; Germany; Canada,USA
NCT01704729,<5; 5-14,Myopia,Unknown status,TRUE,TRUE,259,260,669,981,1,1,2300,LMIC,FALSE,China,China,"NA",China
NCT01588210,43965,Caries,Completed,TRUE,TRUE,276,312,640,680,1,1,2776,HIC,TRUE,Italy,Italy,World Health Organization,Italy
NCT03681314,<5,Hypoxic-Ischemic Encephalopathy; Birth Asphyxia,Not yet recruiting,TRUE,TRUE,76,88,962,380,1,1,1400,LMIC,FALSE,India,USA,India,India
NCT02585492,<5,Neonatal Disorder,Completed,TRUE,TRUE,76,88,962,380,1,1,1243,HIC,TRUE,Spain,Spain,Spain,Spain
NCT00221377,<5,Need for Tracheal Tube Exchange; Presence of Post-extubation Laryngeal Oedema,Completed,TRUE,TRUE,328,338,696,708,1,1,4000,HIC,TRUE,Austria; Belgium; Czech Republic; Germany; Slovakia; Sweden; Switzerland; UK,Switzerland,"NA",Switzerland
NCT01029717,<5; 5-14,Catheter-Related Infections,Completed,TRUE,TRUE,58,75,961,408,1,1,1859,HIC,TRUE,UK,UK,"NA",UK
NCT00433212,<5,Respiratory Insufficiency of Prematurity,Completed,TRUE,TRUE,76,88,962,380,1,1,1009,HIC,TRUE,USA; Austria; Belgium; Canada; Ireland; Netherlands; Qatar; Singapore; Sweden; UK,Netherlands; Canada; Ireland; USA,Canada,Canada
NCT02613676,<5,Neonatal Jaundice; Hyperbilirubinemia,Completed,TRUE,TRUE,76,88,962,380,1,1,1858,LMIC,FALSE,South Africa,South Africa; USA,USA,South Africa
NCT03181958,<5,Intubated Infants Were Intend to Extubation Using Noninvasive Ventilation Strategies,Recruiting,TRUE,TRUE,76,88,962,380,1,1,1440,LMIC,FALSE,China,China,China,China
NCT00114543,<5,"Hyperbilirubinemia, Neonatal; Jaundice, Neonatal; Infant, Newborn; Infant, Low Birth Weight; Infant, Small for Gestational Age; Infant, Premature",Completed,TRUE,TRUE,76,88,962,380,1,1,1974,HIC,TRUE,USA,USA,USA,USA
NCT00233324,<5,"Infant, Newborn, Diseases; Other Preterm Infants; Infant, Small for Gestational Age; Premature Birth; Bronchopulmonary Dysplasia; Retinopathy of Prematurity",Completed,TRUE,TRUE,76,88,962,380,1,1,1316,HIC,TRUE,USA,USA,USA,USA
NCT04104555,43965,Pes Planus,Suspended,TRUE,TRUE,269,275,626,639,1,1,1055,HIC,TRUE,UK,UK,UK,UK
NCT03770741,<5,"Infant, Extremely Premature; Brain Injuries; Death, Brain; Death; Neonatal",Recruiting,TRUE,TRUE,76,88,962,380,1,1,1600,HIC,TRUE,Denmark,Denmark,Denmark,Denmark
NCT03427697,43965,Myopia; Accommodation Spasm; Children,Not yet recruiting,TRUE,TRUE,259,260,669,981,1,1,1000,LMIC,FALSE,China,China,"NA",China
NCT00307333,<5,Sepsis,Completed,TRUE,TRUE,76,88,962,380,1,1,3003,HIC,TRUE,USA,USA,USA,USA
NCT02412709,<5,Long QT Syndrome,Unknown status,TRUE,TRUE,147,167,491,507,1,1,4000,HIC,TRUE,USA,USA,USA,USA
NCT03168516,<5,"Infant,Premature",Recruiting,TRUE,TRUE,76,88,962,380,1,1,2340,HIC,TRUE,Germany,Germany,"NA",Germany
NCT02403791,<5,Acute Respiratory Distress Syndrome,Completed,TRUE,TRUE,76,88,962,380,1,1,1000,LMIC,FALSE,China,China,China,China
NCT04045951,43965,Myopia,Recruiting,TRUE,TRUE,259,260,669,981,1,1,2138,LMIC,FALSE,China,China,"NA",China
NCT03967015,<5,Child Malnutrition,Recruiting,TRUE,TRUE,94,95,386,387,1,1,1200,LMIC,FALSE,Kenya,USA,"NA",USA
NCT04118348,43965,"Hypercholesterolemia; Hypercholesterolemia, Familial; Hypercholesteremia in Children; Hyperlipidemia in Children",Enrolling by invitation,TRUE,TRUE,276,311,640,619,1,1,24000,HIC,TRUE,USA,USA,"NA",USA
NCT02780596,<5,Insomnia; Night Wakings,Completed,TRUE,TRUE,76,88,962,380,1,1,3501,HIC,TRUE,USA,USA,USA,USA
NCT03441503,<5; 5-14; 15+,Inpatient Experience Survey Administration; Inpatient Experience Survey Response,Recruiting,TRUE,FALSE,0,0,NA,NA,0,0,20000,HIC,TRUE,USA,USA,USA,USA
NCT03476980,<5,Neurodevelopmental Abnormality,Recruiting,TRUE,TRUE,76,88,962,380,1,1,1200,HIC,TRUE,USA; Canada; Germany; Ireland,USA,USA; Canada; Germany; Ireland,USA
NCT02225769,<5,Acute Febrile Illness,Completed,TRUE,TRUE,58,75,961,408,1,1,3192,LMIC,FALSE,Tanzania,Switzerland,Switzerland,Switzerland
NCT02433327,<5; 5-14; 15+,Paediatric Early Warning System,Unknown,TRUE,FALSE,0,0,NA,NA,0,0,8000,HIC,TRUE,Denmark,Denmark,"NA",Denmark
NCT04044755,43965,Refractive Errors,Recruiting,TRUE,TRUE,259,260,669,981,1,1,2138,LMIC,FALSE,China,China,"NA",China
NCT03712657,<5;5-14,Pediatric Disorder; Appendicitis,Not yet recruiting,TRUE,TRUE,178,185,526,992,1,1,20000,LMIC,FALSE,China,China,"NA",China
NCT04005014,43965,Eye--Refractive Errors,Not yet recruiting,TRUE,TRUE,259,260,669,981,1,1,1680,LMIC,FALSE,China,China,"NA",China
NCT03655314,<5,"Breastfeeding; Breastfeeding, Exclusive; Morbidity;Perinatal; Feeding, Bottle",Completed,TRUE,TRUE,76,88,962,380,1,1,2386,HIC,TRUE,USA,USA,"NA",USA
NCT01312805,43965,Asthma,Completed,TRUE,TRUE,168,175,508,515,1,1,2098,HIC,TRUE,USA,USA,"NA",USA
NCT02682810,<5,Early Infant HIV Diagnosis,Completed,TRUE,TRUE,3,4,955,298,1,1,4000,LMIC,FALSE,Zambia,USA,USA,USA
NCT03927833,<5,Hyper Bilirubinemia; Premature Infant,Recruiting,TRUE,TRUE,76,88,962,380,1,1,1700,HIC,TRUE,USA,USA,USA,USA
NCT01365793,<5; 5-14; 15+,Cerebral Edema; Diabetic Ketoacidosis,Completed,TRUE,TRUE,230,231,974,587,1,1,1389,HIC,TRUE,USA,USA,USA,USA
NCT03489733,<5,Atopic Diseases,Recruiting,TRUE,TRUE,241,242,653,654,1,1,1170,HIC and LMIC,NA,Bulgaria; Czech Republic; Finland; France; Germany; Italy; Poland; Portugal; Serbia; Spain,Germany,"NA",Germany
NCT00179777,<5,"Diabetes Mellitus, Type 1",Completed,TRUE,TRUE,230,231,974,587,1,1,2160,HIC,TRUE,USA; Australia; Canada; Czech Republic; Estonia; Finland; Germany; Hungary; Italy; Luxembourg; Netherlands; Poland; Spain; Sweden; Switzerland,Finland,USA; Australia; Canada; Czech Republic; Estonia; Finland; Germany; Hungary; Italy; Luxembourg; Netherlands; Poland; Spain; Sweden; Switzerland,Canada
NCT01727609,<5,Premature Birth; Late-onset Invasive Infection; Necrotizing Enterocolitis,Completed,TRUE,TRUE,76,88,962,380,1,1,2804,HIC,TRUE,Ireland; UK,Canada,UK,UK
NCT00000873,<5,HIV Infections,Completed,TRUE,TRUE,3,4,955,298,1,1,2400,HIC and LMIC,NA,USA; Bahamas; Brazil,USA,USA,USA
NCT03495583,43965,"Food Allergy in Children; Obesity, Childhood; Food Allergen Sensitisation",Enrolling by invitation,TRUE,TRUE,276,311,640,619,1,1,1235,HIC,TRUE,UK,UK,UK,UK
NCT03062995,<5,Immunity,Not yet recruiting,TRUE,TRUE,276,311,640,619,1,1,1700,NA,NA,"NA","NA","NA",France
NCT00005775,<5,"Infant, Newborn; Infant, Low Birth Weight; Infant, Small for Gestational Age; Infant, Premature; Sepsis",Completed,TRUE,TRUE,76,88,962,380,1,1,1433,HIC,TRUE,USA,USA,USA,USA
NCT00793507,<5,Caries,Completed,TRUE,TRUE,276,312,640,680,1,1,1178,HIC,TRUE,USA,USA,USA,USA
NCT03211039,<5,Genetic Diseases; Genetic Syndrome,"Active, not recruiting",TRUE,TRUE,76,88,962,380,1,1,1000,HIC,TRUE,USA,USA,"NA",USA
NCT00002611,<5; 5-14,Kidney Cancer,Completed,TRUE,TRUE,100,127,410,471,1,1,3031,HIC,TRUE,USA; Australia; Canada; Netherlands; New Zealand; Switzerland,USA,USA,USA
NCT03456336,<5,"Infant, Premature; Patent Ductus Arteriosus; Infant, Newborn, Diseases; Patent Ductus Arteriosus After Premature Birth",Recruiting,TRUE,TRUE,76,88,962,380,1,1,1116,HIC,TRUE,USA,USA,"NA",USA
NCT01374581,<5,Malaria,Completed,TRUE,TRUE,32,33,344,345,1,1,865,LMIC,FALSE,Uganda; Democratic Republic of the Congo,Uganda; Democratic Republic of the Congo; Belgium,Burkina Faso; Uganda; Democratic Republic of the Congo; Belgium; Netherlands,Belgium
NCT00640263,<5,HIV Infections,Completed,TRUE,TRUE,3,4,955,298,1,1,1273,LMIC,FALSE,Burkina Faso; South Africa; Uganda; Zambia,Burkina Faso; Uganda; Zambia; France; Sweden; UK,France; Norway; Sweden,France; Norway; Sweden
NCT00182312,<5,Apnea of Prematurity,Completed,TRUE,TRUE,76,88,962,380,1,1,1917,HIC,TRUE,USA; Australia; Canada; Germany; Israel; Netherlands; Sweden; Switzerland; UK,Australia; Canada; UK,Canada; Australia,Canada; Australia
NCT01001234,<5; 5-14,"Migraine, Acute",Completed,TRUE,TRUE,197,203,542,972,1,1,1382,HIC and LMIC,NA,USA; India; Canada; UK; Sweden; Spain; Romania; Poland; Norway; Netherlands; Latvia; Italy; Germany; France; Finland; Estonia; Denmark; Belgium,USA; India; Canada; UK; Sweden; Spain; Romania; Poland; Norway; Netherlands; Latvia; Italy; Germany; France; Finland; Estonia; Denmark; Belgium,"NA",USA
NCT02028676,<5; 5-14; 15+,Human Immunodeficiency Virus,Completed,TRUE,TRUE,3,4,955,298,1,1,1206,LMIC,FALSE,Uganda; Zimbabwe,Uganda; Zimbabwe; UK; USA,UK,UK
NCT00411541,<5; 5-14,Acute Lymphoblastic Leukemia,Completed,TRUE,TRUE,100,135,410,487,1,1,3109,HIC and LMIC,NA,Argentina; Austria; Belgium; Chile; Czech Republic; Germany; Hungary; Italy,Germany; Switzerland; Austria; Italy; Czech Republic; Portugal; Hungary; Chile,Italy; Austria; Germany; Switzerland; Czech Republic; Hungary; Chile,Italy; Austria; Germany; Switzerland; Czech Republic; Hungary; Chile
NCT03401398,<5; 5-14; 15+,Septic Shock,Recruiting,TRUE,TRUE,58,75,961,408,1,1,1032,HIC,TRUE,USA; Canada,USA; Canada,USA; Canada,USA
NCT03364868,<5,"Diabetes Mellitus, Type 1",Recruiting,TRUE,TRUE,230,231,974,587,1,1,1040,HIC,TRUE,Belgium; Germany; Poland; Sweden; UK,Belgium; Germany; Poland; Sweden; UK,Belgium; Germany; Poland; Sweden; UK,Germany
NCT03130114,<5,Diarrhea,Completed,TRUE,TRUE,25,26,957,302,1,1,8268,LMIC,FALSE,Bangladesh; India; Kenya; Malawi; Mali; Pakistan; Tanzania,World Health Organization,USA; UK; Bangladesh; India; Kenya; Malawi; Mali; Pakistan; Tanzania,World Health Organization
NCT02671175,<5,Malaria; Severe Anemia,Completed,TRUE,TRUE,32,33,344,345,1,1,2212,LMIC,FALSE,Uganda; Kenya,UK; Kenya; Uganda,Norway; Uganda; Kenya,UK
NCT00433459,<5; 5-14; 15+,Lymphoma,Completed,TRUE,TRUE,100,132,410,484,1,1,2134,HIC,TRUE,UK; Germany,Germany; UK; France,Germany; UK,Germany
NCT00941785,<5,Malaria,Completed,TRUE,TRUE,32,33,344,345,1,1,1499,LMIC,FALSE,Burkina Faso,UK; Burkina Faso,China,UK
NCT00610922,<5,Healthy,Completed,TRUE,FALSE,0,0,NA,NA,0,0,1160,HIC,TRUE,Italy,Italy; Brazil,"NA",Italy
NCT00529620,<5,Malaria,Completed,TRUE,TRUE,32,33,344,345,1,1,1893,LMIC,FALSE,Senegal,UK; Senegal,Senegal,UK
NCT03682653,<5,Childhood Mortality,Recruiting,TRUE,TRUE,76,88,962,380,1,1,22000,LMIC,FALSE,Burkina Faso,USA; Burkina Faso,Burkina Faso; USA,USA
NCT03640403,43965,"Malaria,Falciparum; Anemia",Recruiting,TRUE,TRUE,32,33,344,345,1,1,1602,LMIC,FALSE,Tanzania,Belgium; Tanzania,Belgium,Tanzania
NCT00934492,<5,Nutrition Disorders; Life-threatening Infection,Completed,TRUE,TRUE,94; 58,75,386; 961,408,1,2,1778,LMIC,FALSE,Kenya,UK; Kenya,Kenya,UK
NCT00009646,<5,"Infant, Very Low Birth Weight; Infant, Premature; Ductus Arteriosus, Patent",Completed,TRUE,TRUE,76,88,962,380,1,1,1202,HIC,TRUE,USA,USA; Canada,USA; Canada,USA; Canada
NCT00118807,<5; 5-14,Malaria,Completed,TRUE,TRUE,32,33,344,345,1,1,1800,LMIC,FALSE,Gambia,Gambia; UK,Gambia; UK,UK; Gambia
NCT01868113,<5,Bacterial Pneumonia; Viral Pneumonia; Acute Asthma,Completed,TRUE,TRUE,16,22,956,322,1,1,1010,LMIC,FALSE,Uganda,Uganda; Denmark,Denmark,Denmark
NCT00127998,<5,Malaria,Completed,TRUE,TRUE,32,33,344,345,1,1,1011,LMIC,FALSE,Mali,USA; Mali,USA,USA
NCT01043744,<5,Malaria; Non-malarial Febrile Illness,Completed,TRUE,TRUE,32,33,344,345,1,1,1000,LMIC,FALSE,Tanzania,Tanzania; USA,"NA",USA
NCT01386840,<5,Pneumonia,Completed,TRUE,TRUE,16,22,956,322,1,1,1118,LMIC,FALSE,India,India,India,India
NCT00118794,<5; 5-14,Malaria,Completed,TRUE,TRUE,32,33,344,345,1,1,1238,LMIC,FALSE,Gambia,UK,UK,UK
NCT04041791,<5,Pneumonia,Not yet recruiting,TRUE,TRUE,16,22,956,322,1,1,4392,LMIC,FALSE,Kenya,UK,Kenya; UK,Kenya; UK
NCT00076973,<5,Bronchiolitis,Completed,TRUE,TRUE,16,22,956,322,1,1,979,HIC and LMIC,NA,Belgium; Chile; Colombia; Brazil; Australia; Denmark; Finland; France; Germany; China; India; Italy; Malaysia; Mexico; Peru; Philippines; Poland; Portugal; USA; Singapore; South Africa; Spain; Sweden; Taiwan,USA,"NA",USA
NCT00099359,<5,"Disease Transmission, Vertical; Vertical Human Immunodeficiency Virus Transmission; HIV Infections",Completed,TRUE,TRUE,3,4,955,298,1,1,1684,HIC and LMIC,NA,USA; Argentina; Brazil; South Africa,USA,USA,USA
NCT00613457,<5; 5-14,Leukemia,Completed,TRUE,TRUE,100,135,410,487,1,1,1999,HIC,TRUE,Austria; Australia; Czech Republic; Germany; Israel; Italy; Switzerland,Italy,"NA",Italy
NCT02325791,<5,Respiratory Syncytial Virus Infections,Completed,TRUE,TRUE,16,22,956,322,1,1,1154,HIC and LMIC,NA,USA; Australia; Bulgaria; Canada; Chile; Denmark; Finland; Germany; Hungary; Netherlands; New Zealand; Panama; Spain; South Africa; Sweden; Turkey; Ukraine; UK,USA,"NA",USA
NCT00344006,<5; 5-14,"Malaria, Falciparum",Completed,TRUE,TRUE,32,33,344,345,1,1,1372,LMIC,FALSE,Tanzania; Kenya; Nigeria; Ghana; Burkina Faso,UK,"NA",UK
NCT00113191,<5,Nosocomial Infections; Sepsis; Staphylococcal Infections; Candidemia,Completed,TRUE,TRUE,76,88,962,380,1,1,1983,HIC,TRUE,USA; Canada,USA,"NA",USA
NCT01462344,43965,Asthma,Completed,TRUE,TRUE,168,175,508,515,1,1,6208,HIC and LMIC,NA,USA; Argentina; Australia; Austria; Belgium; Bulgaria; Canada; Chile; Colombia; Croatia; Czech Republic; Germany; Hungary; Italy; South Korea; Latvia; Lithuania; Malaysia; Mexico; Peru; Philippines; Poland; Romania; Russia; Serbia; Slovakia; South Africa; Spain; Taiwan; Thailand; Ukraine; UK,UK,USA,UK
NCT00129766,<5,Respiratory Syncytial Virus Infections,Completed,TRUE,TRUE,16,22,956,322,1,1,6635,HIC and LMIC,NA,USA; Argentina; Australia; Austria; Brazil; Bulgaria; Canada; Chile; Czech Republic; Denmark; France; Germany; Greece; Hungary; Iceland; Israel; Italy; New Zealand; Russia; Spain; Sweden; Turkey; UK,USA,"NA",USA
NCT00005945,<5; 5-14,Leukemia,Completed,TRUE,TRUE,100,135,410,487,1,1,3054,HIC,TRUE,USA; Australia; New Zealand; Canada; Switzerland,USA,USA,USA
NCT02878330,<5,Respiratory Syncytial Virus Infections,Completed,TRUE,TRUE,16,22,956,322,1,1,1453,HIC and LMIC,NA,USA; Argentina; Australia; Belgium; Brazil; Bulgaria; Canada; Chile; Czech Republic; Estonia; Finland; France; Hungary; Italy; Latvia; Lithuania; New Zealand; Poland; South Africa; Spain; Sweden; Turkey; UK,USA,"NA",USA
NCT00384189,43965,Asthma,Completed,TRUE,TRUE,168,175,508,515,1,1,1080,HIC and LMIC,NA,Bulgaria; Germany; Hungary; Poland; Romania; Russia; South Africa; Spain; Ukraine,USA,Switzerland,USA; Switzerland
NCT02478398,5-14; 15+,"Rhinitis, Allergic, Seasonal",Completed,TRUE,TRUE,276,311,640,619,1,1,1025,HIC and LMIC,NA,USA; Canada; Eastern Europe,USA,"NA",USA
NCT00393679,<5,Fever; Malaria,Completed,TRUE,TRUE,32,33,344,345,1,1,4116,LMIC,FALSE,Burkina Faso; Gabon; Mozambique; Nigeria; Rwanda; Uganda; Zambia,Belgium,Spain; Mozambique; Rwanda; Uganda; Gabon; Germany; Zambia; Burkina Faso; Nigeria; Belgium; UK,Belgium
NCT00738946,<5,Malaria,Completed,TRUE,TRUE,32,33,344,345,1,1,6031,LMIC,FALSE,Burkina Faso; Mali,UK,Mali; Burkina Faso,UK
NCT00002744,<5; 5-14,Leukemia,Completed,TRUE,TRUE,100,135,410,487,1,1,2027,HIC,TRUE,USA; Canada; Australia,USA,USA,USA
NCT00163449,<5,Asthma,Completed,TRUE,TRUE,168,175,508,515,1,1,1164,HIC and LMIC,NA,Spain; Switzerland; South Africa; Poland; Netherlands; India; Hungary; Germany; Brazil,USA,"NA",USA
NCT00315003,<5,"Otitis Media, Suppurative; Otitis Media, Purulent",Terminated,TRUE,TRUE,16,24,956,329,1,1,1500,HIC,TRUE,USA; Argentina; Brazil; Canada; Chile; Colombia; Costa Rica; Czech Republic; Dominican Republic; Guatemala; Israel; Panama; Peru,France,"NA",France
NCT03643276,<5; 5-14,"Acute Lymphoblastic Leukemia, Pediatric",Recruiting,TRUE,TRUE,100,135,410,487,1,1,5000,HIC,TRUE,Australia; Austria; Czech Republic; Germany; Israel; Italy; Slovakia; Switzerland,Germany,Germany,Germany
NCT03979313,<5,Respiratory Syncytial Virus Infections,Recruiting,TRUE,TRUE,16,22,956,322,1,1,3000,HIC and LMIC,NA,USA; Argentina; Australia; Austria; Belgium; Brazil; Bulgaria; Canada; Chile; Colombia; Czech Republic; Estonia; Finland; France; Germany; Hungary; Israel; Italy; Japan; South Korea; Latvia; Lithuania; Mexico; New Zealand; Panama; Poland; Russia; South Africa; Spain; Sweden; Turkey; Ukraine; UK,USA,"NA",USA
NCT03959488,<5,Respiratory Syncytial Virus Infections,Recruiting,TRUE,TRUE,16,22,956,322,1,1,1500,HIC and LMIC,NA,USA; Argentina; Australia; Austria; Belgium; Brazil; Canada; Chile; Colombia; Czech Republic; Estonia; Finland; France; Germany; Hungary; Israel; Italy; Japan; South Korea; Latvia; Lithuania; Mexico; New Zealand; Panama; Poland; Russia; South Africa; Spain; Turkey; Ukraine; UK,USA,"NA",USA
NCT01802814,<5; 5-14; 15+,Acute Lymphoblastic Leukemia (ALL),Recruiting,TRUE,TRUE,100,135,410,487,1,1,1242,HIC,TRUE,Australia; Austria; Belgium; Czech Republic; Denmark; Finland; France; Germany; Ireland; Israel; Italy; Japan; Netherlands; Norway; Poland; Portugal; Sweden; Switzerland; UK,Germany,Australia; Austria; Belgium; Czech Republic; Denmark; Finland; France; Germany; Ireland; Israel; Italy; Japan; Netherlands; Norway; Poland; Portugal; Sweden; Switzerland; UK,Germany
NCT00103285,<5; 5-14,B-cell Childhood Acute Lymphoblastic Leukemia; Untreated Childhood Acute Lymphoblastic Leukemia,Completed,TRUE,TRUE,100,135,410,487,1,1,5377,HIC,TRUE,USA; Australia; Canada; New Zealand; Switzerland,USA,USA,USA
NCT00538785,<5,Congenital Heart Disease,Completed,TRUE,TRUE,276,277,640,641,1,1,1236,HIC and LMIC,NA,USA; Austria; Belgium; Bulgaria; Canada; Czech Republic; Denmark; France; Germany; Hungary; Israel; Lebanon; Poland; Russia; Spain; Sweden; UK,USA,"NA",USA
NCT01948856,<5,Recurrent Upper-Respiratory Tract Infections,Completed,TRUE,TRUE,16,23,956,328,1,1,1003,HIC and LMIC,NA,Italy; Lithuania; Poland; Romania; Russia,France,"NA",France
NCT03567473,<5,Bronchiolitis,"Active, not recruiting",TRUE,TRUE,16,22,956,322,1,1,1616,HIC,TRUE,Australia; Canada; New Zealand,Canada,Canada; New Zealand; Australia,Canada
NCT02117401,<5; 5-14,Efficacy and Safety of Mivacurium Chloride for Pediatric Patients,Completed,TRUE,FALSE,0,0,NA,NA,0,0,640,LMIC,FALSE,China,China,"NA",China
NCT00561899,<5,Malaria,Completed,TRUE,TRUE,32,33,344,345,1,1,1008,LMIC,FALSE,Gambia,Gambia,Gambia,UK
NCT00407394,<5,Non-Severe Pneumonia With Wheeze,Completed,TRUE,TRUE,16,22,956,322,1,1,1671,LMIC,FALSE,India,India,India,India
NCT00209794,<5,Malaria,Completed,TRUE,TRUE,32,33,344,345,1,1,1285,LMIC,FALSE,Mozambique,Spain,"NA",Spain
NCT00119132,<5,Malaria,Completed,TRUE,TRUE,32,33,344,345,1,1,2451,LMIC,FALSE,Ghana,UK,Ghana,UK
NCT00132561,<5,Malaria,Completed,TRUE,TRUE,32,33,344,345,1,1,1136,LMIC,FALSE,Senegal,Senegal,UK,UK
NCT00132548,<5,Malaria,Completed,TRUE,TRUE,32,33,344,345,1,1,2102,LMIC,FALSE,Senegal,Senegal,Senegal,UK
NCT01027429,<5,Neonatal Sepsis; Sepsis; Infection,Completed,TRUE,TRUE,76,88,962,380,1,1,2453,HIC,TRUE,Pakistan,Pakistan,USA; Pakistan; UK,USA
NCT00944840,<5,Malaria,Completed,TRUE,TRUE,32,33,344,345,1,1,1277,LMIC,FALSE,Gambia,UK,"NA",UK
NCT00158574,<5,Malaria,Completed,TRUE,TRUE,32,33,344,345,1,1,2419,LMIC,FALSE,Tanzania,UK,UK; Denmark; Tanzania,UK
NCT01613547,<5,Severe Acute Malnutrition,Completed,TRUE,TRUE,94,26,386,302,1,1,2412,LMIC,FALSE,Niger,USA,Netherlands; France; Niger,Niger; Netherlands; France; USA
NCT00131716,<5,Anemia,Completed,TRUE,TRUE,32,33,344,345,1,1,1200,LMIC,FALSE,Gambia,UK,Gambia,UK
NCT00461032,43965,Asthma,Completed,TRUE,TRUE,168,175,508,515,1,1,1162,HIC,TRUE,USA,USA,"NA",USA
NCT02372461,<5,Pneumonia; Tachypnea,Completed,TRUE,TRUE,16,22,956,322,1,1,4003,LMIC,FALSE,Pakistan,Pakistan,"NA",Pakistan
NCT01000298,<5,Kwashiorkor; Marasmus,Completed,TRUE,TRUE,94,95,386,387,1,1,2767,LMIC,FALSE,Malawi,USA,"NA",USA
NCT00483106,43965,Attention Deficit Hyperactivity Disorder,Completed,TRUE,TRUE,207,218,558,578,1,1,1068,HIC,TRUE,Canada,Canada,"NA",Canada
NCT00285662,<5,Malaria; Anemia,Completed,TRUE,TRUE,32,33,344,345,1,1,1605,LMIC,FALSE,Papua New Guinea,Papua New Guinea,Australia; USA,USA
NCT01899820,<5; 5-14,Malaria,Unknown status,TRUE,TRUE,32,33,344,345,1,1,2100,LMIC,FALSE,Kenya,Kenya,World Bank,World Bank; Kenya
NCT00578929,43965,Seasonal Allergic Rhinitis,Completed,TRUE,TRUE,276,311,640,619,1,1,2388,HIC,TRUE,USA,USA,"NA",USA
NCT01967472,<5,Malaria,Completed,TRUE,TRUE,32,33,344,345,1,1,784,LMIC,FALSE,Sierra Leone,UK,Sierra Leone,UK
NCT00844337,<5,Sepsis,Completed,TRUE,TRUE,76,88,962,380,1,1,2490,LMIC,FALSE,Bangladesh,USA,Bangladesh,USA
NCT02760420,<5,Pneumonia,Completed,TRUE,TRUE,16,22,956,322,1,1,1343,LMIC,FALSE,Malawi,USA,USA,USA
NCT00168948,<5,Malaria; Anemia,Unknown status,TRUE,TRUE,32,33,344,345,1,1,1200,LMIC,FALSE,Ghana,Germany,Germany,Germany
NCT03229538,<5,Congenital Heart Disease in Children; Inflammatory Response,Recruiting,TRUE,TRUE,276,277,640,641,1,1,1200,HIC,TRUE,USA,USA,"NA",USA
NCT03340727,<5,Apnea of Prematurity,Recruiting,TRUE,TRUE,76,88,962,380,1,1,1200,HIC,TRUE,USA,USA,USA,USA
NCT03280147,<5,"Infant, Newborn; Neonatal SEPSIS; Anti-bacterial Agents; Recurrence",Not yet recruiting,TRUE,TRUE,76,88,962,380,1,1,1000,LMIC,FALSE,India,India,India,India
NCT00337675,<5,Asthma,Completed,TRUE,TRUE,168,175,508,515,1,1,1771,NA,NA,"NA",USA,"NA",USA
NCT00866996,43965,Attention Deficit Hyperactivity Disorder,Completed,TRUE,TRUE,207,218,558,578,1,1,1323,NA,NA,"NA",USA,"NA",USA
NCT00051753,<5; 5-14,Otitis Media,Completed,TRUE,TRUE,16,24,956,329,1,1,1643,NA,NA,"NA",USA,"NA",USA
NCT03919500,<5,Premature Infant,Completed,TRUE,TRUE,76,88,962,380,1,1,1327,LMIC,FALSE,China,China,China; Sweden,China
NCT04188431,43965,"Pain, Postoperative; Tonsillar Bleeding; Postoperative Nausea and Vomiting",Not yet recruiting,TRUE,FALSE,0,0,NA,NA,0,0,3794,NA,NA,"NA",Switzerland,Switzerland,Switzerland
NCT01651416,<5,Malaria; Anaemia,Completed,TRUE,TRUE,32,33,344,345,1,1,2400,LMIC,FALSE,Ghana,Ghana,UK,Ghana
NCT00003436,43965,Leukemia; Myelodysplastic Syndromes,Completed,TRUE,TRUE,100,135,410,487,1,1,2000,HIC,TRUE,UK,UK,"NA",UK
NCT00646399,<5,Staphylococcal Sepsis,Completed,TRUE,TRUE,76,88,962,380,1,1,1579,HIC,TRUE,USA,USA,"NA",USA
NCT00707083,<5; 5-14,Leukemia,Completed,TRUE,TRUE,100,135,410,487,1,1,2500,HIC,TRUE,China,China,"NA",China
NCT02940756,<5,Malaria,Completed,TRUE,TRUE,32,33,344,345,1,1,1615,LMIC,FALSE,Democratic Republic of the Congo,Democratic Republic of the Congo,"NA",Democratic Republic of the Congo
NCT01674933,<5,Dental Caries,Completed,TRUE,TRUE,276,312,640,680,1,1,1610,HIC,TRUE,UK,UK,UK,UK
NCT02678195,<5,Pneumonia,"Active, not recruiting",TRUE,TRUE,16,22,956,322,1,1,3000,LMIC,FALSE,Malawi,USA,USA,USA
NCT02825069,<5,Food Hypersensitivity,Completed,TRUE,TRUE,178,196,526,541,1,1,1214,HIC,TRUE,Finland,Finland,"NA",Finland
NCT00854932,<5,Sepsis,Completed,TRUE,TRUE,76,88,962,380,1,1,1710,HIC,TRUE,Switzerland,Switzerland,Switzerland; Canada,Switzerland
NCT03730636,<5,Sepsis,Recruiting,TRUE,TRUE,76,88,962,380,1,1,2162,HIC,TRUE,France,France,"NA",France
NCT01203345,<5,"Infant, Newborn; Infant, Low Birth Weight; Infant, Small for Gestational Age; Infant, Premature; Sepsis",Completed,TRUE,TRUE,76,88,962,380,1,1,2416,HIC,TRUE,USA,USA,"NA",USA
NCT01127048,<5,Symptoms of Acute Bronchitis Accompanied by Coughing,Unknown status,TRUE,TRUE,16,22,956,322,1,1,1400,HIC,TRUE,Germany,Germany,"NA",Germany
NCT04172012,<5,Neonatal Sepsis,Not yet recruiting,TRUE,TRUE,76,88,962,380,1,1,2000,LMIC,FALSE,Tanzania,Norway,Norway,Norway; Tanzania
NCT01977547,<5; 5-14,Anemia,Completed,TRUE,TRUE,276,311,640,619,1,1,1538,HIC,TRUE,USA; Canada; France; Israel; Italy,USA; Canada,USA; Canada,USA; Canada
NCT00338689,<5,Infant Development,Completed,TRUE,TRUE,276,311,640,619,1,1,1138,HIC,TRUE,Belgium; Germany; Italy; Poland; Spain,Germany,Germany,Germany; Europe
NCT04145219,43965,Allergic Rhinitis Due to Dermatophagoides Farinae; Allergic Rhinitis Due to Dermatophagoides Pteronyssinus; Allergic Rhinitis Due to House Dust Mite,Recruiting,TRUE,TRUE,276,311,640,619,1,1,1370,HIC and LMIC,NA,USA; Spain; Poland; Russia,Germany,"NA",Denmark
NCT00121108,<5,Healthy,Completed,TRUE,TRUE,16,22,956,322,1,1,2596,HIC,TRUE,USA,USA,"NA",USA
NCT03843424,43965,"Obesity, Childhood",Recruiting,TRUE,TRUE,276,311,640,619,1,1,1296,HIC,TRUE,USA,USA,USA,USA
NCT00131625,<5,Nutritional Status,Completed,TRUE,TRUE,94,88,386,380,1,1,1500,LMIC,FALSE,Guinea-Bissau,Denmark,"NA",Guinea-Bissau; Denmark
NCT00105963,<5,Child Abuse; Shaken Baby Syndrome,Completed,TRUE,TRUE,349,353,717,724,1,1,2738,HIC,TRUE,USA,USA,"NA",USA
NCT01583335,<5,Overweight; Obesity; Predisposition,Completed,TRUE,TRUE,276,311,640,619,1,1,1099,HIC,TRUE,Denmark,Denmark,Denmark,Denmark
NCT02653534,<5,Low-Birth-Weight,Completed,TRUE,TRUE,76,88,962,380,1,1,8402,LMIC,FALSE,India,India,India,India; Norway
NCT01350063,<5,Diarrhoeal Disease,Completed,TRUE,TRUE,25,26,957,302,1,1,1800,LMIC,FALSE,Bangladesh,Bangladesh,"NA",Bangladesh
NCT00360204,<5,Hyperbilirubinemia; Jaundice; Dehydration; Postpartum Depression,Completed,TRUE,TRUE,76,88,962,380,1,1,1154,HIC,TRUE,USA,USA,USA,USA
NCT00223600,<5,Atherosclerosis,Completed,TRUE,TRUE,147,167,491,507,1,1,1062,HIC,TRUE,Finland,Finland,"NA",Finland
NCT01688453,<5; 5-14,Overweight,Completed,TRUE,FALSE,0,0,NA,NA,0,0,1935,HIC,TRUE,France,France,"NA",France
NCT00958932,43965,Asthma,Completed,TRUE,TRUE,168,175,508,515,1,1,1187,HIC,TRUE,USA,USA,USA,USA
NCT01251679,<5; 5-14,Influenza,Unknown status,TRUE,TRUE,58,75,961,408,1,1,2920,LMIC,FALSE,Thailand,USA,Thailand,USA
NCT02811432,<5,"Kangaroo Mother Care; Preterm Infant; Death; Neonatal; Hypothermia, Newborn",Recruiting,TRUE,TRUE,76,88,962,380,1,1,2188,LMIC,FALSE,Uganda,UK,UK; Uganda,UK
NCT04114734,43965,Physical Activity; Mental Health Wellness 1,Recruiting,TRUE,TRUE,0,0,558,567,1,1,1000,HIC,TRUE,USA,USA,USA,USA
NCT04096196,43965,"Injuries; Knowledge, Attitudes, Practice",Not yet recruiting,TRUE,TRUE,0,348,696,716,1,1,1008,HIC,TRUE,China,China,"NA",China
NCT00137943,43965,HIV Infections; Sexually Transmitted Diseases; Pregnancy,Completed,TRUE,TRUE,0,4,955,298,1,1,1115,HIC,TRUE,USA,USA,USA,USA
NCT01326806,43965,Behavior and Behavior Mechanisms,Completed,TRUE,FALSE,0,0,NA,NA,0,0,1800,HIC,TRUE,USA,USA,USA,USA
NCT00062829,<5; 5-14,"Accidents, Traffic; Health Behavior",Completed,TRUE,TRUE,320,321,688,689,1,1,3743,HIC,TRUE,USA,USA,USA,USA
NCT00310258,43965,Adolescent Behavior,Completed,TRUE,TRUE,222,224,973,561,1,1,2000,HIC,TRUE,USA,USA,"NA",USA
NCT00983489,<5,Exclusive Breast Feeding,Completed,TRUE,TRUE,0,88,962,380,1,1,1411,LMIC,FALSE,India,India,"NA",India
NCT00051714,<5,Conduct Disorder,Completed,TRUE,TRUE,207,219,558,579,1,1,1050,HIC,TRUE,USA,USA,USA,USA
NCT00306956,<5,Sudden Infant Death,Completed,TRUE,TRUE,276,318,640,686,1,1,1021,LMIC,FALSE,Argentina,Argentina,Argentina; Switzerland,Argentina
NCT00255385,<5,Diarrhea; Pneumonia; Febrile Illness; Growth; Child Development,Completed,TRUE,TRUE,16; 25,22; 26,956; 957,322; 302,2,2,1296,LMIC,FALSE,India,USA; India,India,USA
NCT00421668,<5,Diarrheal Illnesses; Respiratory Illness; Growth Faltering,Completed,TRUE,TRUE,16; 25,22; 26,956; 957,322; 302,2,2,2400,LMIC,FALSE,Tanzania,USA,USA,USA
NCT03474276,<5,Moderate Acute Malnutrition,Completed,TRUE,TRUE,94,95; 26,386,387; 302,2,1,1357,LMIC,FALSE,Central African Republic; Madagascar; Niger; Senegal,France,France; Niger; Madagascar; Senegal; Central African Republic,France; Niger; Madagascar; Senegal; Central African Republic
NCT01705314,<5; 5-14; 15+,Respiratory Infection,Completed,TRUE,TRUE,16,22; 23,956,322; 328,2,1,1300,LMIC,FALSE,Vietnam,Canada,"NA",Canada
NCT02388516,<5,Upper Respiratory Tract Infections; Lower Respiratory Tract Infections,Completed,TRUE,TRUE,16,22; 23,956,322; 328,2,1,1214,LMIC,FALSE,Bangladesh,Canada,Bangladesh,Bangladesh; Canada
NCT03932942,<5; 5-14,Respiratory Tract Infections,Completed,TRUE,TRUE,16,22; 23,956,322; 328,2,1,1668,HIC,TRUE,Finland,Finland,Finland,Finland
NCT03301155,<5,Preventive Medicine,Completed,TRUE,TRUE,16,22; 23,956,322; 328,2,1,1036,LMIC,FALSE,Russia; Uzbekistan,Russia,"NA",Russia
NCT02211729,<5,Malaria; Respiratory Infections,Completed,TRUE,TRUE,32; 16,22; 33,344; 956,322; 345,2,2,19578,LMIC,FALSE,Burkina Faso; Mali,UK; Burkina Faso; Mali,Burkina Faso; Mali,UK; Burkina Faso; Mali
NCT03981133,<5,Lactation,Not yet recruiting,TRUE,TRUE,76,77; 88,962,366; 380,2,1,1010,LMIC,FALSE,Argentina,Argentina,Argentina,Argentina
NCT00470158,<5,Anemia; Diarrhea; Iron,Completed,TRUE,TRUE,25; 94,"26, 97",957; 386,302; 390,2,2,1000,LMIC,FALSE,Bangladesh,USA,USA,USA
NCT02398968,43965,Recurrent Upper Respiratory Tract Infections; Iron Deficiency Anemia,Completed,TRUE,TRUE,16; 94,23; 97,956; 386,328; 390,2,2,1000,LMIC,FALSE,Egypt,Egypt,"NA",Egypt
NCT01322841,43965,Tuberculosis; Iron Deficiency Anemia,Completed,TRUE,TRUE,94; 16,17; 97,386; 956,297; 390,2,2,2239,HIC,TRUE,USA,USA,USA,USA
NCT00548379,<5,Pneumonia; Vitamin D Deficiency,Completed,TRUE,TRUE,16; 94,22; 98,956; 386,322; 391,2,2,3045,LMIC,FALSE,Afghanistan,UK; Pakistan,Afghanistan; Pakistan; UK,UK
NCT04174846,<5,Severe Acute Malnutrition,Not yet recruiting,TRUE,TRUE,94,95; 98,386,387; 391,2,1,1700,LMIC,FALSE,Pakistan,Pakistan,Pakistan,World Food Programme
NCT03406793,<5,Diarrhea; Stunting,Completed,TRUE,TRUE,25; 94,26; 98,957; 386,302; 391,2,2,2886,LMIC,FALSE,Bangladesh,USA,USA; Bangladesh,USA
NCT00003728,<5; 5-14,Leukemia; Lymphoma,Completed,TRUE,TRUE,100,133; 135,410,485; 487,2,1,1947,HIC,TRUE,Belgium; France; Portugal,Belgium,"NA",Europe
NCT00858065,43965,Alcohol Abuse; Drug Abuse,Completed,TRUE,TRUE,222,223; 224,973,560; 561,2,1,1228,HIC,TRUE,USA,USA,USA,USA
NCT02152618,<5; 5-14; 15+,Serious Emotional Disturbance; In Foster Care,Completed,TRUE,TRUE,207,219; 209,558,579; 567,2,1,1652,HIC,TRUE,USA,USA,USA,USA
NCT03881397,5-14; 15+,"Sleep; Physical Activity; Family and Household; Computer, Attitude to; Adolescent Behavior","Active, not recruiting",TRUE,TRUE,0,219,558,579; 585,2,1,1520,HIC,TRUE,USA,USA,USA,USA
NCT02515773,43965,Bipolar Disorder,Recruiting,TRUE,TRUE,207; 276,212; 311,558; 640,570; 619,2,2,1800,HIC,TRUE,USA,USA,USA,USA
NCT00228254,<5,Pneumonia; Diarrhea; Acute Upper Respiratory Tract Infections,Completed,TRUE,TRUE,16; 25,22; 23; 26,956; 957,322; 328; 302,3,2,2582,LMIC,FALSE,Ecuador,USA,Ecuador,USA; Ecuador
NCT00495690,<5,Pneumonia; Diarrhea; Meningitis; Sepsis; Death,Completed,TRUE,TRUE,16; 25; 58,22; 26; 59,956; 957; 961,322; 302; 332,3,3,2012,LMIC,FALSE,India,India,India,India
NCT03299218,<5,Stunting,Completed,TRUE,TRUE,94,95; 98; 97,386,387; 391; 390,3,1,2179,LMIC,FALSE,Pakistan,Pakistan,Pakistan; World Food Programme,Pakistan
NCT00272116,<5,Diarrhea; Pneumonia; Acute Respiratory Tract Infection,Completed,TRUE,TRUE,16; 94,22; 26; 98,956; 386,322; 302; 391,3,2,2482,LMIC,FALSE,India,India,Norway,Norway
NCT03752762,<5,"Exclusive Breastfeeding; Feeding Patterns; Stunting; Obesity, Childhood",Not yet recruiting,TRUE,TRUE,94; 276,311; 95; 98,386; 640,619; 387; 391,3,2,1200,LMIC,FALSE,Mexico,Mexico,Mexico; USA,USA
NCT00980733,43965,Child Development; Cognitive Development; Morbidity; Physical Growth,Completed,TRUE,TRUE,94,96; 97; 98,386,388; 390; 391,3,1,1010,LMIC,FALSE,Bangladesh,Bangladesh; USA,Bangladesh; USA,Bangladesh; USA
NCT03407326,<5,Malnutrition,Completed,TRUE,TRUE,94,95; 97; 98,386,387; 390; 391,3,1,1406,LMIC,FALSE,Sierra Leone,USA,USA,UK; USA
NCT01497236,<5,Child Malnutrition; Infant Morbidity,Completed,TRUE,TRUE,94,95; 97; 98,386,387; 390; 391,3,1,2202,LMIC,FALSE,Uganda,Spain,"NA",Spain
NCT02572258,<5,Moderate Acute Malnutrition (MAM),Completed,TRUE,TRUE,94,95; 97; 98,386,387; 390; 391,3,1,1048,LMIC,FALSE,Mexico,Mexico,"NA",USA
NCT03174236,<5; 5-14,Malnutrition Severe; Antibiotic Resistance; Antibiotic Toxicity,"Active, not recruiting",TRUE,TRUE,94,95; 97; 98,386,387; 390; 391,3,1,2000,LMIC,FALSE,Kenya; Uganda,UK,UK; Kenya; Uganda,UK
NCT03094247,<5,Severe Acute Malnutrition,Recruiting,TRUE,TRUE,94,95; 97; 98,386,387; 390; 391,3,1,3700,LMIC,FALSE,Malawi,USA,USA; Malawi,USA
NCT01142505,<5; 5-14,Wheezing,Completed,TRUE,TRUE,168,169; 175; 177,508,509; 515; 520,3,1,1358,HIC,TRUE,UK,UK,UK,UK
NCT03268902,<5,Malnutrition; Stunting; Cognitive Development; Enteric Pathogens,"Active, not recruiting",TRUE,TRUE,94; 25,98; 95; 26; 31,386; 957,391; 387; 302; 321,4,2,1188,LMIC,FALSE,Tanzania,Tanzania,USA,USA; Tanzania
NCT03378726,<5,"Exclusive Breast Feeding; Child Obesity; Malnutrition, Child",Completed,TRUE,TRUE,94; 276,95; 311; 97; 98,386; 640,387; 619; 390; 391,4,2,3000,LMIC,FALSE,Colombia,Colombia,Colombia,Colombia
NCT01154803,<5,Malnutrition; Malaria; Lower Respiratory Tract Infection; Diarrhoea,Completed,TRUE,TRUE,94; 32; 25; 16,22; 33; 26; 95; 98,386; 344; 957; 956,322; 345; 302; 387; 391,5,4,2213,LMIC,FALSE,Nigeria,Netherlands,"NA",Netherlands
