nct_id,first_submitted_date,first_posted_date,results_first_posted_date,last_update_posted_date,actual_study_start_date,anticipated_study_start_date,actual_primary_completion_date,anticipated_primary_completion_date,large_doc_date,extraction_date
NCT01029717,"December 9, 2009",,,,,,,,,Mon Jul 27 11:39:33 2020
NCT00285662,"February 1, 2006",,,,,,May 2010,,,Mon Jul 27 11:39:34 2020
NCT00003728,"November 1, 1999",,,,,,,,,Mon Jul 27 11:39:34 2020
NCT00121108,"July 13, 2005",,,,,,March 2011,,,Mon Jul 27 11:39:35 2020
NCT00411541,"December 13, 2006",,,,,,,,,Mon Jul 27 11:39:36 2020
NCT02760420,"May 1, 2016",,,"September 19, 2019",June 2016,,,March 2020,,Mon Jul 27 11:39:36 2020
NCT00958932,"August 13, 2009",,,,,,,May 2012,,Mon Jul 27 11:39:37 2020
NCT00163449,"September 12, 2005",,,,,,May 2007,,,Mon Jul 27 11:39:38 2020
NCT00255385,"November 16, 2005",,,,,,,,,Mon Jul 27 11:39:38 2020
NCT00854932,"March 2, 2009",,,,,,,August 2016,,Mon Jul 27 11:39:41 2020
NCT00179777,"September 10, 2005",,,"July 14, 2017",March 2002,,,September 2017,,Mon Jul 27 11:39:42 2020
NCT00415402,"December 21, 2006",,,,,,July 2010,,,Mon Jul 27 11:39:42 2020
NCT00529620,"September 13, 2007",,,,,,December 2007,,,Mon Jul 27 11:39:43 2020
NCT00118794,"July 1, 2005",,,,,,,,,Mon Jul 27 11:39:44 2020
NCT00002744,"November 1, 1999",,,"February 10, 2017",,,March 2007,,,Mon Jul 27 11:39:44 2020
NCT00272142,"January 3, 2006",,,,,,August 2007,,,Mon Jul 27 11:39:45 2020
NCT01000298,"October 22, 2009",,,,,,May 2011,,,Mon Jul 27 11:39:46 2020
NCT00738946,"August 20, 2008",,,,,,December 2009,,,Mon Jul 27 11:39:46 2020
NCT00393679,"October 27, 2006",,,,,,December 2009,,,Mon Jul 27 11:39:47 2020
NCT02372461,"November 4, 2014",,,"September 16, 2019","November 9, 2014",,November 2017,,,Mon Jul 27 11:39:48 2020
NCT02028676,"December 31, 2013",,"January 15, 2014",,,,June 2012,,,Mon Jul 27 11:39:48 2020
NCT02478398,"June 22, 2015",,"June 19, 2019","September 6, 2019","July 20, 2015",,"November 19, 2018",,"June 28, 2018; November 30, 2018",Mon Jul 27 11:39:49 2020
NCT02757508,"April 20, 2016",,,"February 13, 2018","March 1, 2016",,"July 30, 2017",,,Mon Jul 27 11:39:50 2020
NCT00223600,"September 13, 2005",,,,,,,,,Mon Jul 27 11:39:51 2020
NCT02019160,"December 11, 2013",,,"September 26, 2019",,,June 2018,,,Mon Jul 27 11:39:51 2020
NCT00384189,"October 4, 2006",,"July 6, 2016",,,,August 2008,,,Mon Jul 27 11:39:52 2020
NCT00124709,"July 26, 2005",,"December 8, 2010",,,,November 2008,,,Mon Jul 27 11:39:53 2020
NCT01386840,"June 25, 2011",,,,,,April 2011,,,Mon Jul 27 11:39:53 2020
NCT00360204,"August 3, 2006",,,"July 28, 2017",,,February 2010,,,Mon Jul 27 11:39:54 2020
NCT00610922,"January 28, 2008",,,,,,December 2006,,,Mon Jul 27 11:39:55 2020
NCT00461032,"April 13, 2007",,"January 12, 2010","March 3, 2017",,,November 2006,,,Mon Jul 27 11:39:55 2020
NCT00131716,"August 18, 2005",,,,,,,,,Mon Jul 27 11:39:56 2020
NCT00637169,"March 6, 2008",,,"March 22, 2018",,,December 2012,,,Mon Jul 27 11:39:57 2020
NCT00009646,"February 1, 2001",,,,,,March 2001,,,Mon Jul 27 11:39:57 2020
NCT00233324,"October 3, 2005",,"November 16, 2014","April 18, 2019",,,August 2016,,,Mon Jul 27 11:39:58 2020
NCT01142505,"June 10, 2010",,,,,,February 2014,,,Mon Jul 27 11:39:59 2020
NCT01001234,"October 23, 2009",,"April 10, 2012","June 9, 2017","November 30, 2009",,"April 21, 2011",,,Mon Jul 27 11:39:59 2020
NCT01536275,"February 16, 2012",,,"January 30, 2019",,,,December 2023,,Mon Jul 27 11:40:00 2020
NCT01977547,"August 9, 2013",,,"March 26, 2019",,,December 2018,,,Mon Jul 27 11:40:01 2020
NCT01211145,"September 28, 2010",,"October 21, 2014",,,,October 2013,,,Mon Jul 27 11:40:02 2020
NCT01350063,"May 4, 2011",,,,,,May 2012,,,Mon Jul 27 11:40:02 2020
NCT00114543,"June 15, 2005",,,"March 22, 2019",,,November 2007,,,Mon Jul 27 11:40:03 2020
NCT01497236,"December 20, 2011",,,,,,October 2012,,,Mon Jul 27 11:40:04 2020
NCT01154803,"June 30, 2010",,,,,,February 2013,,,Mon Jul 27 11:40:05 2020
NCT01790048,"February 8, 2013",,"July 31, 2018","January 17, 2019",February 2013,,March 2015,,,Mon Jul 27 11:40:05 2020
NCT00613717,"February 11, 2008",,,,,,June 2014,,,Mon Jul 27 11:40:06 2020
NCT00197730,"September 12, 2005",,,,,,May 2008,,,Mon Jul 27 11:40:07 2020
NCT00421668,"January 11, 2007",,,"March 3, 2017",,,October 2012,,,Mon Jul 27 11:40:07 2020
NCT01613547,"May 26, 2012",,,,,,May 2014,,,Mon Jul 27 11:40:08 2020
NCT00120523,"July 11, 2005",,"November 9, 2012",,,,October 2010,,,Mon Jul 27 11:40:09 2020
NCT00158574,"September 8, 2005",,,,,,June 2008,,,Mon Jul 27 11:40:09 2020
NCT00272116,"January 2, 2006",,,,,,September 2000,,,Mon Jul 27 11:40:10 2020
NCT00844337,"February 13, 2009",,,,,,September 2013,,,Mon Jul 27 11:40:11 2020
NCT00148733,"September 6, 2005",,"February 2, 2015","August 14, 2018",,,January 2008,,,Mon Jul 27 11:40:11 2020
NCT00998517,"October 19, 2009",,"August 15, 2012",,,,February 2011,,,Mon Jul 27 11:40:12 2020
NCT01588210,"April 26, 2012",,,,,,June 2010,,,Mon Jul 27 11:40:13 2020
NCT00307333,"March 24, 2006",,"April 3, 2012",,,,May 2011,,,Mon Jul 27 11:40:13 2020
NCT00005945,"July 5, 2000",,,,,,June 2008,,,Mon Jul 27 11:40:14 2020
NCT02225769,"August 22, 2014",,,,,,February 2016,,,Mon Jul 27 11:40:15 2020
NCT02653534,"December 26, 2015",,,"December 7, 2018",November 2015,,October 2018,,,Mon Jul 27 11:40:16 2020
NCT01138449,"June 4, 2010",,,,,,June 2013,,,Mon Jul 27 11:40:16 2020
NCT00941785,"June 18, 2009",,,,,,December 2009,,,Mon Jul 27 11:40:17 2020
NCT00548379,"October 23, 2007",,,,,,,July 2009,,Mon Jul 27 11:40:18 2020
NCT00934492,"July 7, 2009",,,,,,April 2014,,,Mon Jul 27 11:40:19 2020
NCT00433212,"February 7, 2007",,,,,,December 2011,,,Mon Jul 27 11:40:19 2020
NCT01462344,"October 27, 2011",,"May 2, 2016","August 6, 2018",,,"November 3, 2015",,,Mon Jul 27 11:40:20 2020
NCT02428647,"February 9, 2015",,,"February 26, 2020",,,July 2017,,,Mon Jul 27 11:40:21 2020
NCT00113191,"June 6, 2005",,,,,,June 2006,,,Mon Jul 27 11:40:22 2020
NCT00344006,"June 22, 2006",,,,,,August 2007,,,Mon Jul 27 11:40:24 2020
NCT00613457,"January 21, 2008",,,,,,July 2006,,,Mon Jul 27 11:40:25 2020
NCT01723852,"November 6, 2012",,,"November 21, 2017",January 2013,,"November 20, 2017",,,Mon Jul 27 11:40:25 2020
NCT00944840,"July 22, 2009",,,,,,August 2009,,,Mon Jul 27 11:40:26 2020
NCT00099359,"December 10, 2004",,"April 25, 2012",,,,February 2011,,,Mon Jul 27 11:40:27 2020
NCT01027429,"December 7, 2009",,,,,,December 2013,,,Mon Jul 27 11:40:28 2020
NCT00182312,"September 13, 2005",,,"March 22, 2018",,,July 2016,,,Mon Jul 27 11:40:28 2020
NCT00132548,"August 18, 2005",,,,,,,,,Mon Jul 27 11:40:29 2020
NCT00132561,"August 18, 2005",,,,,,,,,Mon Jul 27 11:40:30 2020
NCT00119132,"July 4, 2005",,,,,,December 2006,,,Mon Jul 27 11:40:30 2020
NCT01583335,"March 31, 2012",,,"May 15, 2020",,,June 2018,,,Mon Jul 27 11:40:31 2020
NCT00105963,"March 18, 2005",,,,,,,,,Mon Jul 27 11:40:32 2020
NCT03407326,"January 16, 2018","January 23, 2018",,"January 13, 2020","October 16, 2018",,"September 2, 2019",,,Mon Jul 27 11:40:32 2020
NCT02211729,"July 17, 2014",,,"March 7, 2018",May 2014,,"December 31, 2017",,,Mon Jul 27 11:40:33 2020
NCT00076973,"February 6, 2004",,,"March 6, 2017",,,October 2006,,,Mon Jul 27 11:40:34 2020
NCT00209794,"September 13, 2005",,,,,,,,,Mon Jul 27 11:40:35 2020
NCT01688453,"September 7, 2012",,,,,,,September 2016,,Mon Jul 27 11:40:35 2020
NCT00407394,"December 2, 2006",,,,,,,,,Mon Jul 27 11:40:36 2020
NCT00325247,"May 11, 2006",,,,,,May 2006,,,Mon Jul 27 11:40:37 2020
NCT00168636,"September 12, 2005",,,,,,,,,Mon Jul 27 11:40:37 2020
NCT00561899,"November 20, 2007",,,,,,June 2008,,,Mon Jul 27 11:40:38 2020
NCT00980733,"September 18, 2009",,,,,,,August 2010,,Mon Jul 27 11:40:39 2020
NCT01967472,"October 18, 2013",,,"January 11, 2018","September 16, 2013",,January 2014,,,Mon Jul 27 11:40:46 2020
NCT00338689,"June 19, 2006",,,,,,,September 2015,,Mon Jul 27 11:40:47 2020
NCT00642863,"March 21, 2008",,,,,,June 2014,,,Mon Jul 27 11:40:48 2020
NCT02117401,"April 14, 2014",,,,,,June 2013,,,Mon Jul 27 11:40:49 2020
NCT00137943,"August 26, 2005",,,,,,September 2006,,,Mon Jul 27 11:40:50 2020
NCT01498575,"December 20, 2011",,"January 22, 2015",,,,December 2013,,,Mon Jul 27 11:40:50 2020
NCT01374581,"June 9, 2011",,,,,,June 2014,,,Mon Jul 27 11:40:51 2020
NCT00483106,"June 4, 2007",,,"March 25, 2019",,,,March 2025,,Mon Jul 27 11:40:52 2020
NCT03019367,"November 21, 2016",,,"February 28, 2020","June 6, 2017",,,December 2024,,Mon Jul 27 11:40:53 2020
NCT02152618,"April 14, 2014",,,"March 26, 2019",,,November 2015,,,Mon Jul 27 11:40:53 2020
NCT00129766,"August 10, 2005",,"June 21, 2013",,,,May 2006,,,Mon Jul 27 11:40:54 2020
NCT04005014,"July 1, 2019","July 2, 2019",,"July 2, 2019",,"July 8, 2019",,"January 31, 2021",,Mon Jul 27 11:40:55 2020
NCT03401398,"January 5, 2018","January 17, 2018",,"July 14, 2020","March 11, 2019",,,"December 30, 2023",,Mon Jul 27 11:40:56 2020
NCT01802814,"February 18, 2013",,,"May 30, 2018",May 2014,,,November 2023,,Mon Jul 27 11:40:57 2020
NCT02678195,"February 3, 2016",,,"September 4, 2019",March 2016,,,December 2019,,Mon Jul 27 11:40:57 2020
NCT01312805,"March 9, 2011",,"December 8, 2016","March 14, 2017",,,July 2008,,,Mon Jul 27 11:40:58 2020
NCT00495690,"June 30, 2007",,,,,,May 2008,,,Mon Jul 27 11:40:58 2020
NCT00866996,"March 19, 2009",,,,,,December 2003,,,Mon Jul 27 11:40:59 2020
NCT02325791,"December 21, 2014",,"July 5, 2018","November 6, 2018",,,"September 26, 2017",,"April 11, 2017; August 9, 2016; July 28, 2017",Mon Jul 27 11:41:00 2020
NCT00051753,"January 16, 2003",,,,,,May 2005,,,Mon Jul 27 11:41:01 2020
NCT00538785,"October 1, 2007",,"January 11, 2012",,,,June 2008,,,Mon Jul 27 11:41:01 2020
NCT00221377,"September 13, 2005",,,,,,June 2007,,,Mon Jul 27 11:41:02 2020
NCT01705314,"October 9, 2012",,,,,,May 2016,,,Mon Jul 27 11:41:03 2020
NCT01043744,"January 6, 2010",,,,,,December 2011,,,Mon Jul 27 11:41:04 2020
NCT01919593,"August 6, 2013",,,,,,April 2013,,,Mon Jul 27 11:41:05 2020
NCT03549156,"May 18, 2018","June 7, 2018",,"March 16, 2020","June 25, 2018",,"March 8, 2019",,,Mon Jul 27 11:41:05 2020
NCT00707083,"June 27, 2008",,,"March 5, 2020","May 1, 2008",,"March 1, 2020",,,Mon Jul 27 11:41:08 2020
NCT02433327,"April 27, 2015",,,"July 2, 2018",January 2014,,,August 2018,,Mon Jul 27 11:41:08 2020
NCT03655314,"August 27, 2018","August 31, 2018",,"March 26, 2020","September 20, 2018",,"December 30, 2019",,,Mon Jul 27 11:41:09 2020
NCT03078842,"March 7, 2017","March 13, 2017",,"April 3, 2019","January 23, 2017",,,"May 31, 2019",,Mon Jul 27 11:41:10 2020
NCT03881397,"June 21, 2018","March 19, 2019",,"January 18, 2020","April 4, 2019",,,December 2020,,Mon Jul 27 11:41:11 2020
NCT03299218,"August 12, 2017","October 3, 2017",,"March 19, 2020","May 26, 2017",,"July 31, 2019",,,Mon Jul 27 11:41:11 2020
NCT00142285,"September 1, 2005",,,,,,May 2008,,,Mon Jul 27 11:41:12 2020
NCT02259166,"September 5, 2014",,,,,,March 2016,,,Mon Jul 27 11:41:13 2020
NCT02825069,"June 28, 2016",,,"October 27, 2017",March 2014,,October 2017,,,Mon Jul 27 11:41:13 2020
NCT00983489,"September 22, 2009",,"April 5, 2013",,,,August 2010,,,Mon Jul 27 11:41:14 2020
NCT01868113,"May 30, 2013",,,,,,January 2014,,,Mon Jul 27 11:41:15 2020
NCT02682810,"February 10, 2016",,,"September 27, 2019",February 2016,,"September 24, 2019",,,Mon Jul 27 11:41:15 2020
NCT00131625,"August 18, 2005",,,,,,,,,Mon Jul 27 11:41:16 2020
NCT01727609,"October 11, 2012",,,"March 11, 2019",June 2013,,"May 10, 2018",,,Mon Jul 27 11:41:17 2020
NCT00578929,"December 19, 2007",,"January 14, 2010",,,,,,,Mon Jul 27 11:41:17 2020
NCT00858065,"March 5, 2009",,,,,,July 2011,,,Mon Jul 27 11:41:18 2020
NCT00470158,"May 3, 2007",,"August 10, 2011","April 20, 2018",,,February 2008,,,Mon Jul 27 11:41:19 2020
NCT00646399,"March 26, 2008",,"August 22, 2011",,,,May 2011,,,Mon Jul 27 11:41:19 2020
NCT01182532,"August 16, 2010",,,,,,December 2011,,,Mon Jul 27 11:41:20 2020
NCT01203345,"September 15, 2010",,,"March 22, 2019",,,March 1991,,,Mon Jul 27 11:41:21 2020
NCT00000873,"November 2, 1999",,,,,,September 2005,,,Mon Jul 27 11:41:21 2020
NCT00103285,"February 7, 2005",,"June 28, 2016","March 24, 2020",,,,,,Mon Jul 27 11:41:22 2020
NCT01365793,"June 1, 2011",,"March 5, 2018","June 25, 2018",,,January 2017,,,Mon Jul 27 11:41:23 2020
NCT00002611,"November 1, 1999",,,,,,August 2003,,,Mon Jul 27 11:41:24 2020
NCT03280147,"September 9, 2017","September 12, 2017",,"December 5, 2018",,"January 1, 2019",,December 2022,"October 15, 2018; October 15, 2018",Mon Jul 27 11:41:25 2020
NCT03712657,"October 7, 2018","October 19, 2018",,"October 19, 2018",,"October 8, 2018",,"October 8, 2020",,Mon Jul 27 11:41:27 2020
NCT02811432,"June 21, 2016",,,"August 1, 2019",,August 2019,,July 2021,,Mon Jul 27 11:41:28 2020
NCT04216043,"December 23, 2019","January 2, 2020",,"June 5, 2020",,"July 1, 2020",,"December 31, 2020",,Mon Jul 27 11:41:30 2020
NCT04096196,"September 13, 2019","September 19, 2019",,"September 19, 2019",,"September 1, 2020",,"August 31, 2023",,Mon Jul 27 11:41:31 2020
NCT03981133,"June 6, 2019","June 10, 2019",,"June 10, 2019",,January 2020,,December 2022,,Mon Jul 27 11:41:32 2020
NCT03752762,"January 8, 2018","November 26, 2018",,"November 26, 2018",,"December 1, 2018",,December 2020,,Mon Jul 27 11:41:32 2020
NCT04104555,"September 19, 2019","September 26, 2019",,"March 24, 2020",,"September 30, 2020",,"November 30, 2022",,Mon Jul 27 11:41:33 2020
NCT03062995,"February 1, 2017","February 24, 2017",,"May 3, 2019",,June 2021,,June 2023,,Mon Jul 27 11:41:34 2020
NCT03174236,"May 15, 2017","June 2, 2017",,"May 19, 2020","September 4, 2017",,,"December 31, 2020",,Mon Jul 27 11:41:35 2020
NCT03932942,"April 23, 2019","May 1, 2019",,"March 18, 2020","May 6, 2019",,,"April 13, 2020",,Mon Jul 27 11:41:36 2020
NCT02606565,"November 12, 2015",,,"March 25, 2020",,,,December 2020,,Mon Jul 27 11:41:36 2020
NCT03770741,"December 7, 2018","December 10, 2018",,"June 26, 2019","June 20, 2019",,,"July 15, 2021",,Mon Jul 27 11:41:37 2020
NCT03181958,"May 28, 2017","June 9, 2017",,"July 22, 2019","January 1, 2018",,,"December 31, 2020",,Mon Jul 27 11:41:38 2020
NCT03168516,"May 18, 2017","May 30, 2017",,"December 21, 2018","July 27, 2018",,,December 2022,,Mon Jul 27 11:41:39 2020
NCT03456336,"February 19, 2018","March 7, 2018",,"May 22, 2020","December 3, 2018",,,"July 31, 2024",,Mon Jul 27 11:41:39 2020
NCT03229538,"July 5, 2017","July 25, 2017",,"July 17, 2020","October 18, 2017",,,"July 28, 2021","April 24, 2017",Mon Jul 27 11:41:40 2020
NCT03340727,"November 3, 2017","November 13, 2017",,"May 22, 2020","February 27, 2019",,,October 2022,,Mon Jul 27 11:41:42 2020
NCT03130114,"April 23, 2017","April 26, 2017",,"May 19, 2020","May 13, 2017",,"January 15, 2020",,"May 14, 2020; December 21, 2018",Mon Jul 27 11:41:43 2020
NCT03567473,"June 13, 2018","June 25, 2018",,"March 27, 2020","December 13, 2018",,,October 2023,,Mon Jul 27 11:41:44 2020
NCT03476980,"March 19, 2018","March 26, 2018",,"December 26, 2019","July 6, 2019",,,June 2024,,Mon Jul 27 11:41:45 2020
NCT03338699,"October 4, 2017","November 9, 2017",,"February 21, 2020","October 1, 2018",,,"January 1, 2021",,Mon Jul 27 11:41:46 2020
NCT03094247,"March 23, 2017","March 29, 2017",,"March 16, 2020","September 1, 2017",,,"August 1, 2020",,Mon Jul 27 11:41:47 2020
NCT03621943,"August 6, 2018","August 9, 2018",,"November 13, 2019","January 7, 2019",,,June 2022,,Mon Jul 27 11:41:48 2020
NCT03843424,"February 14, 2019","February 18, 2019",,"June 18, 2020","September 12, 2019",,,"March 30, 2023",,Mon Jul 27 11:41:49 2020
NCT03226977,"July 12, 2017","July 24, 2017",,"July 24, 2017",,"August 1, 2017",,"July 30, 2020",,Mon Jul 27 11:41:50 2020
NCT04044755,"August 2, 2019","August 5, 2019",,"August 7, 2019","August 3, 2019",,,"November 30, 2020",,Mon Jul 27 11:41:50 2020
NCT03643276,"July 12, 2018","August 22, 2018",,"January 2, 2020","July 15, 2018",,,"July 14, 2028",,Mon Jul 27 11:41:51 2020
NCT01214473,"September 30, 2010",,,,,,November 2013,,,Mon Jul 27 11:41:52 2020
NCT01038479,"December 23, 2009",,,,,,,May 2016,,Mon Jul 27 11:41:53 2020
NCT01127048,"May 3, 2010",,,,,,,August 2013,,Mon Jul 27 11:42:01 2020
NCT02398968,"February 19, 2015",,,"May 28, 2020",,,May 2016,,,Mon Jul 27 11:42:02 2020
NCT01704729,"September 20, 2012",,,,,,,January 2013,,Mon Jul 27 11:42:03 2020
NCT00168948,"September 13, 2005",,,,,,,,,Mon Jul 27 11:42:04 2020
NCT03378726,"December 14, 2017","December 20, 2017",,"December 20, 2017",,February 2018,,January 2020,,Mon Jul 27 11:42:04 2020
NCT00310258,"March 30, 2006",,,,,,,,,Mon Jul 27 11:42:05 2020
NCT00005775,"June 1, 2000",,,,,,August 2001,,,Mon Jul 27 11:42:06 2020
NCT01674933,"August 24, 2012",,,"October 26, 2017",,,"August 31, 2017",,,Mon Jul 27 11:42:07 2020
NCT03406793,"January 12, 2018","January 23, 2018",,"January 27, 2020","February 20, 2018",,"January 12, 2020",,,Mon Jul 27 11:42:08 2020
NCT02572258,"September 29, 2015",,,"September 27, 2018",September 2015,,September 2017,,,Mon Jul 27 11:42:08 2020
NCT02613676,"November 17, 2015",,,,,,October 2016,,,Mon Jul 27 11:42:09 2020
NCT03979313,"May 30, 2019","June 7, 2019",,"July 14, 2020","July 23, 2019",,,"May 1, 2023",,Mon Jul 27 11:42:10 2020
NCT02907502,"August 31, 2016",,,"June 19, 2020",September 2016,,,December 2026,,Mon Jul 27 11:42:11 2020
NCT03919500,"April 11, 2019","April 18, 2019",,"April 19, 2019",January 2014,,April 2019,,,Mon Jul 27 11:42:11 2020
NCT02880982,"July 18, 2016",,,"July 10, 2019","March 14, 2017",,,June 2022,,Mon Jul 27 11:42:12 2020
NCT01251679,"December 1, 2010",,,,,,,February 2013,,Mon Jul 27 11:42:13 2020
NCT03489733,"March 26, 2018","April 5, 2018",,"October 16, 2019","July 9, 2018",,,December 2024,,Mon Jul 27 11:42:14 2020
NCT02388516,"March 9, 2015",,,"April 20, 2017",,,"August 21, 2016",,,Mon Jul 27 11:42:14 2020
NCT00793507,"November 17, 2008",,,,,,April 2011,,,Mon Jul 27 11:42:15 2020
NCT02112734,"April 10, 2014",,,"May 30, 2019",,,,December 2022,,Mon Jul 27 11:42:16 2020
NCT03730636,"November 2, 2018","November 5, 2018",,"August 2, 2019","February 15, 2019",,,June 2021,,Mon Jul 27 11:42:16 2020
NCT00051714,"January 15, 2003",,,,,,,,,Mon Jul 27 11:42:17 2020
NCT03959488,"May 21, 2019","May 22, 2019",,"July 1, 2020","July 30, 2019",,,"December 2, 2022",,Mon Jul 27 11:42:18 2020
NCT00418990,"January 3, 2007",,,,,,,,,Mon Jul 27 11:42:19 2020
NCT04145219,"October 11, 2019","October 30, 2019",,"December 11, 2019","October 12, 2019",,,April 2022,,Mon Jul 27 11:42:19 2020
NCT00640263,"January 15, 2008",,,,,,February 2014,,,Mon Jul 27 11:42:20 2020
NCT03132194,"March 16, 2017","April 27, 2017",,"May 4, 2017","August 8, 2016",,"January 30, 2017",,,Mon Jul 27 11:42:21 2020
NCT03640403,"August 14, 2018","August 21, 2018",,"April 23, 2019","March 26, 2019",,,June 2021,,Mon Jul 27 11:42:22 2020
NCT00337675,"June 14, 2006",,"February 19, 2010","April 6, 2017",,,August 2009,,,Mon Jul 27 11:42:23 2020
NCT03441503,"February 15, 2018","February 22, 2018",,"July 16, 2020","April 10, 2018",,,"April 10, 2022",,Mon Jul 27 11:42:24 2020
NCT00433459,"February 8, 2007",,,"March 26, 2020",,,January 2013,,,Mon Jul 27 11:42:25 2020
NCT02515773,"July 31, 2015",,,"October 30, 2019",,,,October 2022,,Mon Jul 27 11:42:25 2020
NCT04114734,"August 27, 2019","October 3, 2019",,"July 15, 2020","March 27, 2020",,,"July 31, 2025",,Mon Jul 27 11:42:26 2020
NCT00315003,"April 13, 2006",,,,,,July 2006,,,Mon Jul 27 11:42:27 2020
NCT03649659,"August 24, 2018","August 28, 2018",,"July 22, 2020","October 8, 2018",,,"January 30, 2023",,Mon Jul 27 11:42:28 2020
NCT01651416,"July 25, 2012",,,,,,July 2013,,,Mon Jul 27 11:42:28 2020
NCT04174846,"November 21, 2019","November 22, 2019",,"July 9, 2020",,August 2020,,"October 31, 2021",,Mon Jul 27 11:42:29 2020
NCT02671175,"January 28, 2016",,,"June 4, 2020","May 20, 2016",,"December 12, 2018",,,Mon Jul 27 11:42:30 2020
NCT00306956,"March 23, 2006",,,,,,May 2008,,,Mon Jul 27 11:42:31 2020
NCT04045951,"August 2, 2019","August 6, 2019",,"August 7, 2019","August 3, 2019",,,"November 30, 2021",,Mon Jul 27 11:42:31 2020
NCT04188431,"December 1, 2019","December 5, 2019",,"April 21, 2020",,"June 1, 2020",,"October 1, 2023",,Mon Jul 27 11:42:32 2020
NCT02403791,"March 22, 2015",,,,,,March 2015,,,Mon Jul 27 11:42:33 2020
NCT04172012,"November 19, 2019","November 21, 2019",,"November 21, 2019",,"March 1, 2020",,"September 1, 2021",,Mon Jul 27 11:42:34 2020
NCT03427697,"December 17, 2017","February 9, 2018",,"July 8, 2020",,"September 18, 2020",,"December 31, 2022",,Mon Jul 27 11:42:34 2020
NCT02878330,"August 22, 2016",,"July 17, 2019","October 14, 2019","November 3, 2016",,"December 6, 2018",,"January 25, 2018; November 18, 2016",Mon Jul 27 11:42:35 2020
NCT02780596,"May 16, 2016",,,"February 22, 2018",February 2016,,November 2017,,,Mon Jul 27 11:42:36 2020
NCT03211039,"May 24, 2017","July 7, 2017",,"May 29, 2019","June 29, 2017",,,"August 30, 2019",,Mon Jul 27 11:42:37 2020
NCT03682653,"September 19, 2018","September 24, 2018",,"May 5, 2020","April 11, 2019",,,April 2022,,Mon Jul 27 11:42:37 2020
NCT03474276,"June 13, 2016","March 22, 2018",,"July 23, 2019","January 31, 2018",,"June 30, 2019",,,Mon Jul 27 11:42:38 2020
NCT03495583,"April 4, 2018","April 12, 2018",,"April 12, 2018","April 3, 2018",,,April 2021,,Mon Jul 27 11:42:39 2020
NCT01322841,"March 23, 2011",,"November 17, 2015",,,,September 2010,,,Mon Jul 27 11:42:40 2020
NCT03301155,"September 29, 2017","October 4, 2017","April 23, 2020","May 6, 2020","October 3, 2017",,"May 20, 2019",,"August 23, 2018",Mon Jul 27 11:42:41 2020
NCT02362906,"January 22, 2015",,,,,,,,,Mon Jul 27 11:42:41 2020
NCT03681314,"September 20, 2018","September 24, 2018",,"September 26, 2018",,"October 1, 2018",,"May 30, 2022",,Mon Jul 27 11:42:42 2020
NCT01948856,"September 19, 2013",,,,,,"December 13, 2016",,,Mon Jul 27 11:42:43 2020
NCT02585492,"October 22, 2015",,,"October 29, 2018",November 2015,,April 2018,,,Mon Jul 27 11:42:44 2020
NCT03967015,"May 13, 2019","May 29, 2019",,"January 13, 2020","August 2, 2019",,,"February 3, 2022",,Mon Jul 27 11:42:44 2020
NCT03927833,"April 18, 2019","April 25, 2019",,"June 1, 2020",,May 2020,,August 2024,,Mon Jul 27 11:42:45 2020
NCT00118807,"July 1, 2005",,,,,,,,,Mon Jul 27 11:42:46 2020
NCT01702805,"August 30, 2012",,,"February 5, 2020",December 2012,,,August 2023,,Mon Jul 27 11:42:46 2020
NCT03364868,"November 13, 2017","December 7, 2017",,"July 5, 2019","February 7, 2018",,,January 2025,,Mon Jul 27 11:42:47 2020
NCT03017209,"December 17, 2016",,,"May 10, 2019",January 2017,,January 2018,,,Mon Jul 27 11:42:48 2020
NCT02940756,"October 19, 2016",,,"January 3, 2018","March 15, 2017",,"January 2, 2018",,,Mon Jul 27 11:42:49 2020
NCT02412709,"April 1, 2015",,,,,,,March 2017,,Mon Jul 27 11:42:49 2020
NCT00168584,"September 12, 2005",,,,,,,,,Mon Jul 27 11:42:50 2020
NCT01326806,"March 28, 2011",,,"July 25, 2019","February 15, 2012",,"May 31, 2016",,,Mon Jul 27 11:42:51 2020
NCT00638092,"March 14, 2008",,,,,,May 2015,,,Mon Jul 27 11:42:52 2020
NCT01927094,"August 13, 2013",,,"February 5, 2018",,,January 2015,,,Mon Jul 27 11:42:53 2020
NCT04041791,"July 29, 2019","August 1, 2019",,"August 1, 2019",,August 2019,,February 2022,,Mon Jul 27 11:42:53 2020
NCT03268902,"August 29, 2017","August 31, 2017",,"February 17, 2020","September 5, 2017",,,"December 5, 2020","February 5, 2020",Mon Jul 27 11:42:54 2020
NCT04118348,"October 3, 2019","October 8, 2019",,"February 5, 2020","October 10, 2019",,,April 2021,,Mon Jul 27 11:42:55 2020
NCT00228254,"September 23, 2005",,,,,,,,,Mon Jul 27 11:42:55 2020
NCT00062829,"June 17, 2003",,,,,,September 2005,,,Mon Jul 27 11:42:56 2020
NCT00003436,"November 1, 1999",,,,,,December 2005,,,Mon Jul 27 11:43:01 2020
NCT00127998,"July 7, 2005",,,,,,,,,Mon Jul 27 11:43:02 2020
NCT02276755,"October 23, 2014",,,"July 16, 2020",September 2015,,June 2020,,"April 25, 2019",Mon Jul 27 11:43:02 2020
NCT01899820,"April 17, 2013",,,,,,,July 2015,,Mon Jul 27 11:43:03 2020
